insert into genres(id, genre) values (1, 'Философия');
insert into genres(id, genre) values (2, 'Сатира');
insert into genres(id, genre) values (3, 'Роман');
insert into genres(id, genre) values (4, 'Мистика');
insert into genres(id, genre) values (5, 'Магический реализм');
insert into genres(id, genre) values (6, 'Классика');
insert into genres(id, genre) values (7, 'Повесть');
insert into genres(id, genre) values (8, 'Фантастика');
insert into genres(id, genre) values (10, 'Проза');
insert into genres(id, genre) values (11, 'Психология');
insert into genres(id, genre) values (12, 'Детектив');
insert into genres(id, genre) values (13, 'Драма');
insert into genres(id, genre) values (14, 'Сборник');
insert into genres(id, genre) values (15, 'Рассказ');
insert into genres(id, genre) values (16, 'Детская литература');
insert into genres(id, genre) values (17, 'Приключения');
insert into genres(id, genre) values (18, 'Готика');

insert into authors(id, name) values(1, 'Михаил Булгаков');
insert into authors(id, name) values(2, 'Николай Гоголь');
insert into authors(id, name) values(3, 'Федор Достоевский');
insert into authors(id, name) values(4, 'Лев Толстой');
insert into authors(id, name) values(5, 'Иван Тургенев');
insert into authors(id, name) values(6, 'Эрих Мария Ремарк');
insert into authors(id, name) values(7, 'Артур Конан Дойль');
insert into authors(id, name) values(8, 'Даниель Дефо');
insert into authors(id, name) values(9, 'Эрнест Хемингуэй');
insert into authors(id, name) values(10, 'Шарлотта Бронте');

insert into books(id, title, author_id) values (1, 'Мастер и Маргарита', 1);
insert into books(id, title, author_id) values (2, 'Собачье сердце', 1);
insert into books(id, title, author_id) values (3, 'Мёртвые души', 2);
insert into books(id, title, author_id) values (4, 'Преступление и наказание', 3);
insert into books(id, title, author_id) values (5, 'Война и мир', 4);
insert into books(id, title, author_id) values (6, 'Братья Карамазовы', 3);
insert into books(id, title, author_id) values (7, 'Идиот', 3);
insert into books(id, title, author_id) values (8, 'Отцы и дети', 5);
insert into books(id, title, author_id) values (9, 'Три товарища', 6);
insert into books(id, title, author_id) values (10, 'Приключения Шерлока Холмса', 7);
insert into books(id, title, author_id) values (11, 'Робинзон Крузо', 8);
insert into books(id, title, author_id) values (12, 'Старик и море', 9);
insert into books(id, title, author_id) values (13, 'Собака Баскервилей', 7);
insert into books(id, title, author_id) values (14, 'Джейн Эйр', 10);

insert into book_genre (book_id, genre_id) values (1, 1);
insert into book_genre (book_id, genre_id) values (1, 2);
insert into book_genre (book_id, genre_id) values (1, 3);
insert into book_genre (book_id, genre_id) values (1, 4);
insert into book_genre (book_id, genre_id) values (1, 5);
insert into book_genre (book_id, genre_id) values (1, 6);
insert into book_genre (book_id, genre_id) values (2, 7);
insert into book_genre (book_id, genre_id) values (2, 6);
insert into book_genre (book_id, genre_id) values (2, 2);
insert into book_genre (book_id, genre_id) values (2, 8);
insert into book_genre (book_id, genre_id) values (3, 10);
insert into book_genre (book_id, genre_id) values (3, 6);
insert into book_genre (book_id, genre_id) values (3, 3);
insert into book_genre (book_id, genre_id) values (4, 1);
insert into book_genre (book_id, genre_id) values (4, 3);
insert into book_genre (book_id, genre_id) values (4, 11);
insert into book_genre (book_id, genre_id) values (4, 6);
insert into book_genre (book_id, genre_id) values (5, 3);
insert into book_genre (book_id, genre_id) values (5, 6);
insert into book_genre (book_id, genre_id) values (6, 12);
insert into book_genre (book_id, genre_id) values (6, 13);
insert into book_genre (book_id, genre_id) values (6, 6);
insert into book_genre (book_id, genre_id) values (6, 11);
insert into book_genre (book_id, genre_id) values (6, 3);
insert into book_genre (book_id, genre_id) values (6, 1);
insert into book_genre (book_id, genre_id) values (7, 6);
insert into book_genre (book_id, genre_id) values (7, 11);
insert into book_genre (book_id, genre_id) values (7, 3);
insert into book_genre (book_id, genre_id) values (7, 1);
insert into book_genre (book_id, genre_id) values (8, 6);
insert into book_genre (book_id, genre_id) values (8, 3);
insert into book_genre (book_id, genre_id) values (9, 3);
insert into book_genre (book_id, genre_id) values (9, 6);
insert into book_genre (book_id, genre_id) values (10, 14);
insert into book_genre (book_id, genre_id) values (10, 15);
insert into book_genre (book_id, genre_id) values (10, 12);
insert into book_genre (book_id, genre_id) values (11, 16);
insert into book_genre (book_id, genre_id) values (11, 6);
insert into book_genre (book_id, genre_id) values (11, 17);
insert into book_genre (book_id, genre_id) values (11, 3);
insert into book_genre (book_id, genre_id) values (12, 7);
insert into book_genre (book_id, genre_id) values (12, 6);
insert into book_genre (book_id, genre_id) values (13, 7);
insert into book_genre (book_id, genre_id) values (13, 12);
insert into book_genre (book_id, genre_id) values (13, 17);
insert into book_genre (book_id, genre_id) values (14, 18);
insert into book_genre (book_id, genre_id) values (14, 3);
